id,都道府県id,低料金順位,全国順位,団体名,水道料金（円）,値上げ率（％）,料金回収率（％）,経常収支比率（％）,財政力指数
1,1,94,1262,江差町,6965,0,87.21,131.54,0.28
2,1,93,1261,夕張市,6852,0,75.27,82.48,0.18
3,1,92,1257,羅臼町,6470,0,88.56,108.79,0.26
4,1,91,1256,由仁町,6462,0,35.83,99.48,0.21
5,1,90,1248,西空知広域水道企業団,6058,0,94.77,106.19,-
6,1,89,1243,石狩市,5983,0,83.89,109.19,0.51
7,1,88,1239,羽幌町,5850,0,126.6,128.1,0.19
8,1,87,1238,栗山町,5772,0,113.53,114.06,0.3
9,1,86,1230,沼田町,5575,0,61.6,95.95,0.14
10,1,85,1219,増毛町,5430,0,108.31,107.96,0.14
11,1,84,1213,様似町,5394,0,101.92,108.12,0.17
12,1,83,1208,木古内町,5355,2.82,93.79,107.9,0.18
13,1,82,1205,余市町,5336,0,87.81,103.07,0.33
14,1,81,1202,深川市,5291,-4.44,86.24,94.18,0.25
15,1,80,1201,大樹町,5271,0,57.38,84.68,0.22
16,1,79,1200,池田町,5268,0,75.94,106.47,0.22
17,1,78,1196,赤平市,5225,0,108.81,118.99,0.21
18,1,77,1189,福島町,5162,0,150.72,141.93,0.19
19,1,76,1188,芽室町,5151,0,106.95,115.33,0.43
20,1,75,1184,美唄市,5124,0,108.22,114.1,0.26
21,1,74,1177,訓子府町,5076,0,107.59,112.05,0.21
22,1,73,1175,日高町,5068,0,96.16,105.13,0.25
23,1,72,1173,名寄市,5060,0,87.81,95.94,0.27
24,1,71,1162,浜中町,5000,0,72.82,110.51,0.19
25,1,70,1154,厚岸町,4940,0,98.99,99.77,0.22
26,1,69,1144,音更町,4877,0,113.11,119.47,0.48
27,1,68,1139,当別町,4860,0,64.35,104.9,0.34
28,1,67,1130,小平町,4800,0,51.19,100.02,0.12
29,1,66,1125,本別町,4767,0,75.94,95.18,0.25
30,1,65,1124,むかわ町,4760,0,89.2,107.58,0.2
31,1,64,1113,鷹栖町,4744,2.68,119.24,126.15,0.29
32,1,63,1100,帯広市,4654,0,108,118.82,0.57
33,1,62,1092,稚内市,4620,0,98.51,103.65,0.37
34,1,60,1089,森町,4600,0,91.66,98.82,0.29
35,1,60,1089,根室市,4600,0,95.72,107.15,0.33
36,1,59,1083,月新水道企業団,4572,0,88.48,91.1,-
37,1,58,1077,幕別町,4550,0,98.96,104.27,0.34
38,1,57,1064,白糠町,4536,0,104.81,102.09,0.25
39,1,56,1059,中空知広域水道企業団,4528,0,97.61,103.38,-
40,1,55,1049,三笠市,4483,0,87.19,96.34,0.19
41,1,54,1042,芦別市,4466,0,86.76,99.85,0.25
42,1,53,1024,紋別市,4428,12.53,95.69,106.3,0.3
43,1,52,1020,美瑛町,4416,0,84.14,101.91,0.21
44,1,51,991,津別町,4320,0,100.48,105.62,0.19
45,1,50,988,網走市,4298,0,119.5,125.49,0.41
46,1,49,986,岩内町,4290,0,95.52,96.02,0.31
47,1,48,975,洞爺湖町,4266,0,104.5,104.08,0.28
48,1,47,946,別海町,4185,0,139.5,123,0.27
49,1,46,936,留萌市,4151,0,103.8,112.55,0.32
50,1,44,920,遠軽町,4104,0,98.86,108.55,0.26
51,1,44,920,枝幸町,4104,0,106.54,112.17,0.18
52,1,43,912,湧別町,4100,0,72.25,79.24,0.25
53,1,41,907,中標津町,4082,0,115.93,118.6,0.39
54,1,41,907,北広島市,4082,0,96.93,104.89,0.64
55,1,40,893,恵庭市,4045,-0.02,97.86,104.59,0.57
56,1,38,888,長幌上水道企業団,4039,0,57.47,95.61,-
57,1,38,888,富良野市,4039,0,89.92,108.92,0.34
58,1,37,872,当麻町,3991,0,100.99,102.99,0.21
59,1,36,867,登別市,3969,0,110.87,113.69,0.46
60,1,35,863,浦河町,3960,0,128.6,129.29,0.29
61,1,34,858,北見市,3946,0,98.55,104.52,0.45
62,1,33,825,松前町,3871,0,96.08,106.03,0.18
63,1,32,820,弟子屈町,3834,0,98.91,105.51,0.21
64,1,31,817,美幌町,3823,0,114.93,119.9,0.35
65,1,30,816,足寄町,3820,0,101.55,103.44,0.19
66,1,29,808,広尾町,3800,0,76.18,89,0.21
67,1,28,783,上ノ国町,3720,0,104.98,113.68,0.15
68,1,27,782,長万部町,3715,0,104.94,106.69,0.21
69,1,26,748,清水町,3600,0,91.59,98.32,0.3
70,1,25,739,札幌市,3585,0,128.16,132.69,0.73
71,1,24,723,新ひだか町,3560,2.89,100.51,110.01,0.32
72,1,23,713,江別市,3531,0,102.17,116.06,0.53
73,1,22,707,鹿部町,3520,0,137.55,131.37,0.25
74,1,21,692,上富良野町,3499,0,128.87,124.07,0.28
75,1,20,684,新得町,3473,0,106.57,111.64,0.23
76,1,19,667,八雲町,3456,0,122.62,123.4,0.27
77,1,18,656,岩見沢市,3434,0,102.92,117.73,0.38
78,1,17,650,士別市,3416,0,71.5,84.9,0.26
79,1,16,632,小樽市,3369,0,108.58,120.59,0.43
80,1,15,608,白老町,3294,0,104.41,109.53,0.36
81,1,14,578,釧路市,3225,0,95.82,112.55,0.45
82,1,13,565,斜里町,3190,19.92,96.78,98.41,0.35
83,1,12,514,七飯町,3060,0,94.12,106.01,0.44
84,1,11,484,知内町,2995,0,132.91,129.19,0.25
85,1,10,459,旭川市,2954,0,100.11,109.89,0.51
86,1,9,418,伊達市,2872,0,116.32,122.7,0.39
87,1,8,405,標茶町,2860,0,83.61,110.43,0.2
88,1,7,378,東神楽町,2798,0,53.06,91.25,0.38
89,1,6,371,北斗市,2780,0,121.74,121.86,0.46
90,1,5,320,倶知安町,2700,0,99.01,129.82,0.48
91,1,4,300,室蘭市,2651,0,96.43,110.5,0.61
92,1,3,288,苫小牧市,2624,-6.19,103.17,111.67,0.77
93,1,2,263,千歳市,2592,0,75.65,85.51,0.78
94,1,1,151,函館市,2354,0,107.06,111.35,0.46
95,2,5,579,2市,3229,0,111.84,114.43,0.55
96,2,7,823,弘前市,3851,0,115.18,120.61,0.48
97,2,24,1251,黒石市,6264,0,110.97,114.08,0.34
98,2,22,1237,五所川原市,5754,0,115.38,117.64,0.33
99,2,8,929,十和田市,4105,0,106.38,116.43,0.41
100,2,1,393,三沢市,2816,0,102.79,107.27,0.48
101,2,13,1087,むつ市,4590,0,103.92,107.99,0.38
102,2,10,1023,平川市,4426,0,118.69,119.86,0.28
103,2,18,1174,平内町,5065,0,129.44,132.92,0.22
104,2,20,1225,鰺ケ沢町,5544,0,106.97,109.73,0.2
105,2,26,1258,深浦町,6588,0,58.69,104.26,0.16
106,2,19,1204,藤崎町,5321,0,102.37,102.72,0.27
107,2,17,1165,田舎館村,5007,0,104.51,108.68,0.27
108,2,16,1156,板柳町,4956,0,128.27,128.14,0.27
109,2,12,1085,鶴田町,4579,0,99.35,99.95,0.25
110,2,23,1242,中泊町,5972,0,112.73,125.81,0.2
111,2,2,498,野辺地町,3024,0,116.53,117.34,0.38
112,2,4,521,七戸町,3071,0,115.5,118.64,0.33
113,2,6,615,東北町,3322,0,97.29,106.94,0.28
114,2,3,517,六ケ所村,3067,0,109.01,109.66,1.65
115,2,9,991,大間町,4320,0,90.56,93.52,0.25
116,2,11,1037,東通村,4449,0,55.14,107.1,0.86
117,2,14,1142,田子町,4870,0,103.89,104.39,0.19
118,2,21,1232,津軽広域水道企業団,5616,0,101.47,108,-
119,2,25,1253,久吉ダム水道企業団,6279,0,77.61,126.74,-
120,2,14,1142,八戸圏域水道企業団,4870,0,117.39,119.46,-
121,3,10,707,盛岡市,3520,0,125.19,132.65,0.73
122,3,2,384,宮古市,2808,0,103.54,120.93,0.36
123,3,9,696,大船渡市,3502,0,118.52,124.5,0.46
124,3,3,514,久慈市,3060,0,78.9,91.7,0.41
125,3,21,1081,遠野市,4560,0,95.61,118.06,0.28
126,3,15,904,一関市,4071,0,103.86,113.78,0.38
127,3,13,894,陸前高田市,4050,0,86.2,100.79,0.29
128,3,4,556,釜石市,3153,0,104.73,107.41,0.5
129,3,23,1182,二戸市,5091,0,89.57,116.7,0.36
130,3,7,647,八幡平市,3404,0,91.01,108.11,0.29
131,3,12,856,奥州市,3942,0,87.07,107.97,0.42
132,3,11,778,滝沢市,3699,0,109.17,119.02,0.57
133,3,5,579,雫石町,3229,0,109.63,115.07,0.39
134,3,16,911,3町,4095,0,89.04,98.65,0.31
135,3,19,983,矢巾町,4287,3.65,134.1,133.92,0.66
136,3,1,263,金ケ崎町,2592,0,109.03,115.62,0.55
137,3,22,1146,平泉町,4892,0,108.56,114.3,0.31
138,3,8,685,大槌町,3477,0,676.62,227.79,0.25
139,3,6,616,山田町,3326,0,102.71,106.56,0.28
140,3,24,1183,軽米町,5118,0,59.58,106.93,0.23
141,3,14,899,九戸村,4059,0,105.24,106.89,0.18
142,3,20,1037,洋野町,4449,0,56.16,101.99,0.23
143,3,17,971,一戸町,4250,0,123.78,123.43,0.33
144,3,18,975,3中部水道企業団,4266,0,106.02,108.35,-
145,4,9,954,仙台市,4212,0,101.35,112.03,0.91
146,4,8,948,塩竈市,4190,0,118.46,123.74,0.51
147,4,5,930,気仙沼市,4114,0,94.33,100.2,0.41
148,4,29,1244,白石市,5994,0,101.98,119.78,0.47
149,4,11,1024,名取市,4428,-2.38,133.3,141.16,0.8
150,4,18,1148,角田市,4910,0,93.55,99.42,0.5
151,4,17,1147,多賀城市,4903,0,99.73,106.44,0.68
152,4,4,920,岩沼市,4104,0,102.16,107.86,0.82
153,4,21,1197,登米市,5256,0,102.73,108.39,0.36
154,4,25,1223,栗原市,5505,0,96.8,106.01,0.32
155,4,19,1171,大崎市,5036,0,101.06,107.47,0.51
156,4,2,827,富谷市,3877,0,102.42,110.41,0.8
157,4,23,1214,蔵王町,5400,0,102.07,117.16,0.47
158,4,13,1053,大河原町,4503,0,118.6,128.33,0.61
159,4,20,1177,村田町,5076,0,97.1,121.63,0.43
160,4,22,1203,柴田町,5292,0,118.24,123.1,0.62
161,4,26,1227,川崎町,5562,0,86.62,103.6,0.31
162,4,31,1255,丸森町,6440,0,105.63,115.86,0.29
163,4,12,1040,亘理町,4460,0,113.87,119.7,0.55
164,4,24,1221,山元町,5454,0,94.19,116.11,0.35
165,4,27,1234,松島町,5720,0,102.52,105.23,0.45
166,4,14,1105,七ケ浜町,4690,0,88.49,109.23,0.59
167,4,10,983,利府町,4287,0,111.46,114.84,0.84
168,4,16,1131,大和町,4806,0,83.66,107.58,0.78
169,4,33,1260,大郷町,6804,0,104.7,107.39,0.42
170,4,28,1235,大衡村,5724,0,94.9,105.56,0.69
171,4,3,918,色麻町,4102,0,111.04,110.37,0.29
172,4,7,947,加美町,4189,0,96.22,103.62,0.33
173,4,32,1259,涌谷町,6660,0,109.36,110.71,0.36
174,4,30,1249,美里町,6080,0,96.48,100.51,0.42
175,4,1,192,女川町,2440,0,72.05,89.27,0.99
176,4,15,1117,南三陸町,4752,0,93.32,110.32,0.29
177,4,6,934,石巻地方広域水道企業団,4147,0,112.11,118.87,-
178,5,5,625,秋田市,3348,0,123.18,122.76,0.66
179,5,11,873,能代市,3996,0,116.21,120.25,0.44
180,5,10,856,横手市,3942,0,97.41,103.79,0.33
181,5,17,1177,大館市,5076,0,103.72,109.39,0.42
182,5,3,555,男鹿市,3152,0,96.69,105.77,0.36
183,5,14,891,湯沢市,4042,4.2,97.26,107.94,0.29
184,5,15,966,鹿角市,4240,0,103.86,107.95,0.32
185,5,11,873,由利本荘市,3996,0,115.47,118.52,0.33
186,5,8,813,潟上市,3805,0,99.64,108.37,0.34
187,5,4,604,大仙市,3280,0,125.46,125.17,0.34
188,5,2,235,北秋田市,2515,0,117.45,121.83,0.26
189,5,1,86,にかほ市,2140,0,109.63,115.4,0.38
190,5,13,885,仙北市,4026,2.13,104.91,111.12,0.25
191,5,19,1211,小坂町,5389,0,55.88,108.44,0.3
192,5,6,631,三種町,3363,0,139.23,133.01,0.25
193,5,9,836,五城目町,3888,0,98.83,107.36,0.25
194,5,18,1190,八郎潟町,5180,0,102.72,105.77,0.26
195,5,7,723,井川町,3560,0,119.14,125.99,0.23
196,5,16,1002,羽後町,4324,0,114.68,115.62,0.24
197,6,7,975,山形市,4266,0,111.28,118.11,0.75
198,6,2,827,米沢市,3877,0,122.43,127.24,0.55
199,6,10,1024,鶴岡市,4428,0,100.63,107.28,0.42
200,6,5,967,酒田市,4244,0,101.35,112.9,0.47
201,6,15,1064,新庄市,4536,0,92.53,99.98,0.5
202,6,18,1128,寒河江市,4773,0,111.11,113.77,0.53
203,6,12,1045,上山市,4480,0,99.71,103.76,0.47
204,6,19,1145,村山市,4881,0,98.08,101.83,0.36
205,6,20,1149,長井市,4914,0,103.98,107.82,0.44
206,6,16,1117,天童市,4752,0,116.15,119.62,0.66
207,6,10,1024,東根市,4428,0,125.94,129.87,0.59
208,6,16,1117,南陽市,4752,0,111.98,117.08,0.45
209,6,3,934,河北町,4147,0,112.58,116.73,0.43
210,6,4,948,西川町,4190,0,101.83,103.8,0.23
211,6,6,971,朝日町,4250,0,108.05,115.63,0.2
212,6,23,1186,大江町,5140,0,97.6,99.32,0.27
213,6,25,1220,金山町,5452,0,64.32,94.62,0.2
214,6,12,1045,最上町,4480,0,94.52,109.17,0.23
215,6,27,1226,真室川町,5551,0,66.82,100.62,0.2
216,6,21,1157,高畠町,4968,0,108.89,112.09,0.37
217,6,28,1231,川西町,5594,0,98.77,101.09,0.24
218,6,1,645,小国町,3402,0,125.44,125.85,0.25
219,6,8,991,白鷹町,4320,0,110.06,115.34,0.28
220,6,14,1056,飯豊町,4514,0,132.4,136.74,0.19
221,6,22,1166,庄内町,5011,0,99.58,101.57,0.31
222,6,24,1214,遊佐町,5400,0,118.43,120.9,0.28
223,6,26,1222,最上川中部水道企業団,5500,0,121.95,126.61,-
224,6,8,991,尾花沢市大石田町環境衛生事業組合,4320,0,134.54,134.7,-
225,7,30,1162,福島市,5000,-3.34,104.95,111.55,0.75
226,7,14,932,会津若松市,4136,0,94.15,99.35,0.62
227,7,31,1198,郡山市,5259,0,118.08,126.08,0.79
228,7,28,1136,いわき市,4827,0,129.9,136.04,0.75
229,7,5,570,白河市,3196,0,99.61,114.88,0.6
230,7,11,829,須賀川市,3879,0,107.83,116.38,0.58
231,7,15,948,喜多方市,4190,0,103.85,109.18,0.37
232,7,9,773,二本松市,3682,0,108.89,121.85,0.44
233,7,35,1241,田村市,5950,0,88.36,105.32,0.33
234,7,27,1117,南相馬市,4752,0,140.39,160.34,0.64
235,7,36,1247,伊達市,6048,0,100.34,108.39,0.4
236,7,6,667,本宮市,3456,0,105.89,114.89,0.63
237,7,34,1235,桑折町,5724,0,110.07,121.59,0.45
238,7,25,1079,国見町,4557,0,111.24,115.92,0.29
239,7,22,1064,川俣町,4536,0,115.55,118.7,0.36
240,7,6,667,大玉村,3456,0,94.38,105.36,0.36
241,7,23,1075,鏡石町,4543,19.62,113.43,118.63,0.55
242,7,13,903,天栄村,4070,0,80.08,103.83,0.3
243,7,19,1016,南会津町,4400,10.55,109.06,112.1,0.23
244,7,20,1050,西会津町,4492,0,75.98,107.49,0.2
245,7,29,1157,猪苗代町,4968,0,110.86,114.86,0.39
246,7,37,1250,会津坂下町,6170,0,100.12,103.38,0.38
247,7,18,1013,会津美里町,4384,0,94.97,112.07,0.27
248,7,2,320,西郷村,2700,0,114.31,122.43,0.9
249,7,26,1106,泉崎村,4698,0,81.46,121.91,0.54
250,7,33,1214,矢吹町,5400,0,86.99,104.26,0.55
251,7,24,1078,棚倉町,4551,0,95.19,123.61,0.56
252,7,1,257,矢祭町,2590,,61.03,145.84,0.37
253,7,4,511,塙町,3052,0,45.33,104.64,0.27
254,7,12,885,石川町,4026,0,124.28,131.36,0.42
255,7,10,814,玉川村,3810,0,51.85,103.2,0.34
256,7,8,752,浅川町,3618,0,88.88,101.19,0.34
257,7,32,1210,三春町,5367,0,111.92,115.82,0.41
258,7,20,1050,小野町,4492,0,92.05,104.91,0.34
259,7,16,991,浪江町,4320,0,2.56,242.74,0.42
260,7,3,384,双葉地方水道企業団,2808,0,19.63,93.11,-
261,7,17,1004,相馬地方広域水道企業団,4330,0,129,132.72,-
262,8,4,457,水戸市,2945,0,104.31,113.12,0.85
263,8,2,435,日立市,2916,0,102.65,113.6,0.83
264,8,16,892,土浦市,4044,0,105.59,105.75,0.88
265,8,6,560,古河市,3175,0,115.37,121.7,0.75
266,8,38,1127,石岡市,4771,0,119.25,120.21,0.61
267,8,10,717,結城市,3537,0,104.61,108.28,0.7
268,8,28,1016,下妻市,4400,0,90.93,99.9,0.67
269,8,21,962,常総市,4221,0,97.12,108.11,0.73
270,8,20,961,常陸太田市,4217,0,102.79,110.12,0.41
271,8,7,600,高萩市,3261,0,120.02,125.93,0.6
272,8,8,625,北茨城市,3348,0,99.56,104.63,0.67
273,8,17,909,笠間市,4087,-11.99,94.77,106.6,0.62
274,8,1,320,つくば市,2700,0,81.32,101.14,1
275,8,11,742,ひたちなか市,3591,0,122.93,131.46,0.94
276,8,32,1064,鹿嶋市,4536,0,102.54,110.91,0.98
277,8,37,1087,潮来市,4590,0,109.44,117.29,0.49
278,8,12,744,守谷市,3594,0,93.83,108.03,0.98
279,8,27,1004,常陸大宮市,4330,0,96.65,111.26,0.43
280,8,14,794,那珂市,3760,0,106.33,114.34,0.65
281,8,25,991,筑西市,4320,0,114.69,117.99,0.68
282,8,35,1076,坂東市,4545,0,99.47,106.47,0.64
283,8,39,1176,稲敷市,5070,0,97.04,106.26,0.52
284,8,23,975,かすみがうら市,4266,0,96.32,105.7,0.61
285,8,41,1192,桜川市,5184,0,93,96.32,0.49
286,8,32,1064,神栖市,4536,13.51,98.13,109.4,1.33
287,8,30,1035,行方市,4443,0,90.69,106.16,0.43
288,8,19,954,鉾田市,4212,0,56.43,101.5,0.43
289,8,32,1064,つくばみらい市,4536,0,112.1,112.87,0.8
290,8,9,689,小美玉市,3488,0,107.95,110.17,0.62
291,8,23,975,茨城町,4266,0,117.82,117.2,0.56
292,8,3,452,大洗町,2937,0,104.64,106.96,0.72
293,8,25,991,城里町,4320,0,73.03,103.16,0.37
294,8,5,508,東海村,3040,0,86.49,106.53,1.52
295,8,18,953,大子町,4210,0,114.07,117.26,0.32
296,8,13,766,美浦村,3672,0,105.6,105.82,0.76
297,8,31,1047,阿見町,4482,0,111.15,119.73,0.9
298,8,40,1177,河内町,5076,0,86.77,99.36,0.37
299,8,42,1206,八千代町,5346,0,135.51,141.5,0.58
300,8,29,1024,五霞町,4428,0,80.48,109.34,0.82
301,8,36,1079,境町,4557,0,91.75,103.75,0.68
302,8,15,798,茨城県南水道企業団,3780,0,103.9,109.97,-
303,8,22,963,湖北水道企業団,4222,0,100.2,106.01,-
304,9,12,575,宇都宮市,3218,0,114.58,122.7,0.98
305,9,1,120,足利市,2250,0,116.46,122.18,0.73
306,9,3,202,栃木市,2457,0,125.06,126.95,0.73
307,9,2,148,佐野市,2317,0,111.23,116.41,0.71
308,9,7,401,鹿沼市,2851,0,126.8,128.94,0.72
309,9,5,287,日光市,2619,0,99.9,105.44,0.62
310,9,9,517,小山市,3067,0,112.74,128.83,0.97
311,9,10,538,真岡市,3132,0,98.74,111.96,0.82
312,9,23,1246,大田原市,6040,0,101.02,108.73,0.64
313,9,18,873,矢板市,3996,0.15,111.31,114.34,0.68
314,9,19,882,那須塩原市,4006,0,108.01,112.1,0.81
315,9,14,707,さくら市,3520,0,101.32,114.6,0.76
316,9,21,1064,那須烏山市,4536,0,113.62,115.84,0.44
317,9,6,303,下野市,2656,0,120.65,126.45,0.78
318,9,10,538,上三川町,3132,0,96.23,116.68,1
319,9,20,883,茂木町,4007,0,87.18,107.07,0.41
320,9,8,481,壬生町,2991,0,119.28,125.55,0.71
321,9,4,239,野木町,2534,0,108.08,110.64,0.85
322,9,17,853,塩谷町,3931,0,67.44,102.23,0.45
323,9,16,737,高根沢町,3574,0,106.19,113.3,0.77
324,9,13,630,那須町,3360,0,92.15,99.57,0.77
325,9,22,1117,那珂川町,4752,0,149.54,143.99,0.39
326,9,15,728,芳賀中部上水道企業団,3564,0,97.69,112.88,-
327,10,6,184,前橋市,2421,0,96.92,104.62,0.8
328,10,8,204,高崎市,2461,2.88,107.32,114.44,0.85
329,10,18,698,桐生市,3510,0,113.62,115.83,0.57
330,10,10,240,伊勢崎市,2538,0,100.55,109.74,0.83
331,10,9,234,沼田市,2510,0,116.39,121.53,0.51
332,10,3,120,渋川市,2250,0,100.98,106.23,0.61
333,10,19,757,藤岡市,3630,0,121.03,126.98,0.64
334,10,20,820,富岡市,3834,0,131.58,145.26,0.64
335,10,14,379,安中市,2800,0,100.99,103.85,0.77
336,10,12,320,榛東村,2700,0,108.7,114.11,0.54
337,10,7,195,吉岡町,2451,0,93.34,103.05,0.67
338,10,17,697,下仁田町,3509,0,92,102.25,0.29
339,10,5,144,甘楽町,2300,0,114.81,115.49,0.47
340,10,16,584,中之条町,3240,0,130.19,129.56,0.39
341,10,21,1095,長野原町,4644,0,78.52,79.47,0.43
342,10,2,20,嬬恋村,1620,0,142.03,137.05,0.41
343,10,1,5,草津町,1418,0,118.05,116.06,0.76
344,10,13,374,東吾妻町,2786,0,93.23,109.54,0.41
345,10,11,299,みなかみ町,2650,0,114.36,116.43,0.44
346,10,4,136,玉村町,2280,0,119.07,123.09,0.76
347,10,15,512,群馬東部水道企業団,3056,,107.36,111.67,-
348,11,50,656,さいたま市,3434,0,116.04,125.8,0.98
349,11,11,116,川越市,2246,0.99,98.69,109.39,0.97
350,11,30,263,熊谷市,2592,0,107.26,110.55,0.88
351,11,38,370,川口市,2775,0,99.5,110.25,0.96
352,11,39,376,行田市,2797,6.15,105.54,111.66,0.7
353,11,14,138,所沢市,2289,0,105.63,116.47,0.96
354,11,33,297,飯能市,2646,0,104.31,113.36,0.79
355,11,43,465,加須市,2966,0,99.85,109.15,0.75
356,11,10,105,本庄市,2203,0,111.37,119.09,0.76
357,11,2,47,東松山市,1890,0,117.38,118.95,0.86
358,11,32,293,春日部市,2635,0,107.25,109.76,0.77
359,11,21,162,狭山市,2376,0,114.77,119.9,0.89
360,11,20,158,羽生市,2370,0,108.19,115.76,0.79
361,11,45,488,鴻巣市,3002,0,103.34,109.94,0.73
362,11,22,179,深谷市,2403,0,86.91,94.83,0.76
363,11,41,435,上尾市,2916,0,106.19,112.83,0.9
364,11,23,185,草加市,2430,0,110.26,119.4,0.9
365,11,23,185,蕨市,2430,0,103.14,115.47,0.85
366,11,5,62,戸田市,2019,0,94.54,108.08,1.22
367,11,23,185,入間市,2430,0,117.97,122.94,0.93
368,11,12,125,朝霞市,2268,0,95.03,111.12,0.98
369,11,30,263,志木市,2592,0,93.98,117.92,0.85
370,11,3,54,和光市,1951,0,101.55,114.98,1.01
371,11,18,149,新座市,2322,0,93.39,98.33,0.9
372,11,49,616,久喜市,3326,0,116.05,125.03,0.87
373,11,44,466,八潮市,2970,0,115.36,116.2,0.99
374,11,14,138,富士見市,2289,0,107.51,119.81,0.78
375,11,7,78,三郷市,2106,0,103.81,107.14,0.94
376,11,35,338,蓮田市,2705,0,97.68,105.88,0.77
377,11,34,320,幸手市,2700,0,105.49,112.86,0.71
378,11,27,216,日高市,2484,0,107.44,111.23,0.86
379,11,23,185,吉川市,2430,0,106.73,109.08,0.86
380,11,6,65,ふじみ野市,2051,0,95.31,108.96,0.82
381,11,52,756,白岡市,3628,0,112.26,122.58,0.84
382,11,41,435,伊奈町,2916,0,107.89,110.15,0.87
383,11,9,90,三芳町,2160,0,104.35,111.54,1.03
384,11,17,146,毛呂山町,2311,0,105.95,109.24,0.63
385,11,53,873,越生町,3996,0,103.58,109.17,0.54
386,11,12,125,滑川町,2268,0,105.93,114.4,0.92
387,11,1,42,嵐山町,1863,0,126.27,129.4,0.78
388,11,29,225,小川町,2494,-0.04,107.52,112.13,0.69
389,11,4,59,川島町,1991,0,86.69,90.35,0.75
390,11,27,216,吉見町,2484,0,97.62,98.94,0.66
391,11,19,151,鳩山町,2354,0,106.38,112.72,0.61
392,11,51,698,ときがわ町,3510,0,80.27,107.63,0.48
393,11,16,145,美里町,2307,0,86.65,117.13,0.69
394,11,47,534,神川町,3130,0,110.88,116.86,0.53
395,11,7,78,上里町,2106,0,99.82,108.7,0.78
396,11,55,1263,寄居町,7695,0.65,121.96,123.69,0.83
397,11,46,498,宮代町,3024,0,109.18,126.71,0.63
398,11,40,384,杉戸町,2808,0,91.39,102.63,0.75
399,11,37,361,越谷・松伏水道企業団,2754,0,118.07,120.75,-
400,11,48,579,桶川北本水道企業団,3229,0,113.73,119.44,-
401,11,36,340,坂戸、鶴ケ島水道企業団,2710,0,109.92,115.73,-
402,11,54,967,秩父広域市町村圏組合,4244,,96.49,116.57,-
403,12,9,565,千葉県,3190,0,114.12,119.38,0.78
404,12,9,565,千葉市,3190,0,54.22,108.15,0.95
405,12,14,681,銚子市,3466,0,111.86,113.72,0.59
406,12,21,954,木更津市,4212,0,102.59,111.08,0.84
407,12,3,340,松戸市,2710,0,91.21,106.05,0.9
408,12,6,429,野田市,2900,0,106.8,117.69,0.87
409,12,12,600,成田市,3261,0,88.8,114.76,1.28
410,12,13,659,佐倉市,3445,0,110.57,118,0.91
411,12,39,1192,旭市,5184,0,114.81,114.96,0.49
412,12,1,255,習志野市,2581,0,124.99,122.06,0.92
413,12,8,517,柏市,3067,0,127.27,129.49,0.95
414,12,41,1209,勝浦市,5356,0,105.55,106.42,0.47
415,12,9,565,市原市,3190,0,36.87,100.01,1
416,12,7,498,流山市,3024,0,104.3,131.01,0.92
417,12,4,349,八千代市,2721,0,95.36,114.45,0.94
418,12,5,394,我孫子市,2829,0,107.11,116.32,0.84
419,12,33,1111,鴨川市,4741,0,100.14,129.9,0.52
420,12,30,1047,君津市,4482,18.57,107.52,114.43,1
421,12,34,1117,富津市,4752,0,97.32,102.54,0.92
422,12,2,263,四街道市,2592,0,117.46,127.68,0.82
423,12,15,718,袖ケ浦市,3543,0,81.98,102.43,1.09
424,12,25,971,八街市,4250,0,82.42,101.64,0.64
425,12,21,954,印西市,4212,0,76.3,116.26,0.99
426,12,16,721,白井市,3553,0,73.17,103.96,0.9
427,12,21,954,富里市,4212,0,95.73,108.31,0.78
428,12,27,1032,南房総市,4438,0,61.69,110.88,0.34
429,12,32,1095,香取市,4644,0,88.16,114.88,0.54
430,12,36,1131,山武市,4806,0,42.75,112.34,0.52
431,12,19,869,いすみ市,3974,0,60.17,96.56,0.45
432,12,17,728,酒々井町,3564,0,154,150.56,0.75
433,12,26,991,神崎町,4320,0,87.05,116.21,0.4
434,12,21,954,多古町,4212,0,92.73,95.24,0.55
435,12,31,1064,東庄町,4536,0,92.12,120.63,0.47
436,12,38,1161,大多喜町,4999,0,67.99,102.24,0.43
437,12,34,1117,御宿町,4752,0,91.62,106.7,0.43
438,12,37,1160,鋸南町,4978,0,65.95,115.43,0.29
439,12,27,1032,三芳水道企業団,4438,0,72.33,104.16,-
440,12,20,920,長門川水道企業団,4104,0,106.16,109.05,-
441,12,29,1037,八匝水道企業団,4449,0,82.61,115.94,-
442,12,40,1195,山武郡市広域水道企業団,5221,0,87.83,107.27,-
443,12,18,825,長生郡市広域市町村圏組合,3871,0,80.3,100.5,-
444,13,4,340,東京都,2710,0,98.1,111.21,1.1
445,13,3,313,武蔵野市,2681,0,102.72,108.06,1.49
446,13,1,35,昭島市,1803,0,139.03,146.37,0.98
447,13,2,205,羽村市,2462,0,124.75,132.39,1.01
448,13,6,859,大島町,3947,19.82,97.92,102.71,0.35
449,13,5,584,八丈町,3240,2.86,96.75,99.88,0.31
450,14,13,206,神奈川県,2463,0,103.22,113.71,0.91
451,14,15,302,横浜市,2652,0,104.91,116.7,0.97
452,14,12,133,川崎市,2278,0,81.6,102.85,1
453,14,14,255,横須賀市,2581,0,110.97,117.99,0.8
454,14,11,110,小田原市,2214,35.83,94.28,104.53,0.96
455,14,17,512,三浦市,3056,0,84.53,88.72,0.64
456,14,7,38,秦野市,1836,25.07,105.03,115.82,0.9
457,14,10,107,座間市,2207,0,103.82,118.13,0.89
458,14,4,16,南足柄市,1566,0,97.54,105.1,0.92
459,14,1,8,中井町,1458,0,163.04,152.51,0.99
460,14,5,25,大井町,1652,0,106.97,122.23,0.86
461,14,1,8,松田町,1458,0,102.86,126.76,0.65
462,14,9,73,山北町,2084,0,107.02,105.37,0.63
463,14,3,12,開成町,1512,0,97.97,126.21,0.88
464,14,7,38,箱根町,1836,0,108.85,109.38,1.41
465,14,18,1194,真鶴町,5199,0,107.8,108.57,0.5
466,14,6,30,湯河原町,1742,4.06,109.58,117.21,0.72
467,14,16,310,愛川町,2676,0,101.45,107.43,1
468,15,23,991,新潟市,4320,0,115.08,116.92,0.75
469,15,15,692,長岡市,3499,0,107.17,116.68,0.61
470,15,5,452,三条市,2937,0,98.44,101.33,0.61
471,15,7,510,柏崎市,3045,0,100.2,109.46,0.71
472,15,13,681,新発田市,3466,0,108.95,113.18,0.49
473,15,10,603,小千谷市,3262,0,115.83,123.22,0.55
474,15,2,230,加茂市,2505,0,108.95,110.68,0.42
475,15,16,698,十日町市,3510,0,119.42,118.89,0.36
476,15,18,713,見附市,3531,0,128.24,133.25,0.53
477,15,6,507,村上市,3034,0.7,107.9,109.68,0.37
478,15,16,698,燕市,3510,31.07,124.67,130.09,0.67
479,15,1,50,糸魚川市,1900,0,107.95,112.28,0.44
480,15,11,653,妙高市,3423,7.81,125.14,126.58,0.45
481,15,22,967,五泉市,4244,0.09,124.01,120.79,0.45
482,15,21,952,上越市,4206,0,130.99,127.2,0.64
483,15,25,1064,阿賀野市,4536,0,100.64,105.41,0.41
484,15,24,1035,佐渡市,4443,0,72.3,94.35,0.24
485,15,4,340,魚沼市,2710,0,96.92,108.47,0.29
486,15,26,1135,南魚沼市,4825,0,92.01,112.45,0.43
487,15,20,898,胎内市,4052,0,120.26,121.97,0.48
488,15,12,659,聖籠町,3445,0,97.65,107.71,1.12
489,15,14,689,弥彦村,3488,0,97.93,103.76,0.42
490,15,9,594,田上町,3250,-0.03,92.41,93.32,0.4
491,15,19,790,阿賀町,3756,0,79.13,95.2,0.19
492,15,3,320,湯沢町,2700,0,110.75,113.17,0.99
493,15,8,584,関川村,3240,0,82.91,109.42,0.23
494,16,3,125,富山市,2268,0,100.04,110.05,0.8
495,16,9,634,高岡市,3376,0,120.33,125.93,0.75
496,16,4,353,魚津市,2730,0,106.47,111.71,0.67
497,16,12,1099,氷見市,4648,0,114.03,115.34,0.44
498,16,2,46,滑川市,1887,0,111.59,116.33,0.72
499,16,1,41,黒部市,1843,19.91,74.12,100.33,0.68
500,16,5,466,砺波市,2970,0,122.79,121.19,0.58
501,16,11,845,小矢部市,3898,0,95.04,116.64,0.57
502,16,6,538,南砺市,3132,0,85.21,88.8,0.36
503,16,10,667,射水市,3456,0,104.69,110.18,0.64
504,16,8,560,上市町,3175,0,115.25,114.08,0.46
505,16,7,553,立山町,3149,0,105.42,105.68,0.46
506,17,4,195,金沢市,2451,0,115.21,118.52,0.83
507,17,7,633,七尾市,3372,0,116.33,118.75,0.43
508,17,9,679,小松市,3460,0,120.06,122.22,0.71
509,17,11,863,輪島市,3960,0,86.18,109.87,0.23
510,17,18,1214,珠洲市,5400,0,88.7,116.62,0.23
511,17,14,967,加賀市,4244,0,95.81,98.18,0.57
512,17,12,894,羽咋市,4050,0,107.48,109.67,0.42
513,17,8,667,かほく市,3456,0,108.55,115.11,0.43
514,17,1,73,白山市,2084,0,105.58,112.08,0.65
515,17,3,162,能美市,2376,0,75.39,111.71,0.68
516,17,2,87,野々市市,2149,0,118.77,116.5,0.82
517,17,12,894,津幡町,4050,0,110.53,118.33,0.52
518,17,5,374,内灘町,2786,0,98.52,103.6,0.52
519,17,10,719,志賀町,3545,0,118.31,129.1,0.7
520,17,15,974,宝達志水町,4262,0,98.19,104.17,0.34
521,17,6,406,中能登町,2862,0,95.35,98.67,0.3
522,17,17,1185,穴水町,5136,0,97.78,115.26,0.26
523,17,16,1151,能登町,4920,0,106.04,114.59,0.2
524,18,1,36,福井市,1814,0,104.32,115.8,0.84
525,18,2,53,敦賀市,1944,0,110.41,110.6,0.97
526,18,11,349,小浜市,2721,0,124.5,126.66,0.43
527,18,15,745,大野市,3596,0,66.03,108.39,0.41
528,18,10,320,勝山市,2700,0,88.87,104.33,0.45
529,18,13,384,鯖江市,2808,0,79.74,85.46,0.66
530,18,14,406,あわら市,2862,0,73.73,109.67,0.65
531,18,7,176,越前市,2398,0,110.98,117.93,0.72
532,18,8,263,坂井市,2592,0,90.64,102.9,0.67
533,18,4,125,永平寺町,2268,0,113.4,117.61,0.41
534,18,5,162,南越前町,2376,0,58.87,100.13,0.29
535,18,12,379,越前町,2800,0,70.16,106.08,0.34
536,18,5,162,美浜町,2376,0,94.02,104.98,0.72
537,18,3,78,高浜町,2106,0,116.49,115.85,0.98
538,18,8,263,若狭町,2592,0,94.18,103.7,0.35
539,19,13,612,甲府市,3315,0,125.67,129.32,0.77
540,19,2,14,富士吉田市,1550,0,98.47,103.66,0.66
541,19,7,125,都留市,2268,0,89.56,114.58,0.49
542,19,10,447,山梨市,2926,0,91.76,100.92,0.43
543,19,10,447,韮崎市,2926,0,72.49,100.45,0.63
544,19,15,866,南アルプス市,3963,1.67,97.84,109.61,0.56
545,19,4,51,甲斐市,1911,0,105.59,112.5,0.66
546,19,8,133,笛吹市,2278,0,72.18,101.31,0.54
547,19,12,562,甲州市,3178,0,104.35,110.3,0.47
548,19,6,89,中央市,2157,0,96.67,109.04,0.71
549,19,9,136,市川三郷町,2280,0,101.93,107.03,0.35
550,19,5,70,富士川町,2070,0,108.69,113.11,0.37
551,19,3,20,忍野村,1620,0,55.88,66.09,1.39
552,19,1,3,富士河口湖町,1195,14.9,101.49,107.01,0.68
553,19,14,629,東部地域広域水道企業団,3358,0,53.04,90.07,-
554,20,12,597,長野県,3258,0,116.23,117.07,0.5
555,20,24,796,長野市,3769,0,113.14,124.63,0.72
556,20,29,830,松本市,3880,0,105.91,112.14,0.72
557,20,21,759,上田市,3633,0,114.57,119.95,0.6
558,20,25,798,岡谷市,3780,0,126.43,124.39,0.64
559,20,14,599,飯田市,3260,0,89.52,111.19,0.53
560,20,1,31,諏訪市,1777,0,120.78,119.35,0.75
561,20,31,844,須坂市,3890,0,121.55,128.58,0.55
562,20,15,637,小諸市,3390,0,115.12,119.78,0.56
563,20,44,1167,伊那市,5022,0,108.4,109.73,0.49
564,20,40,1018,駒ケ根市,4410,0,110.13,111.84,0.57
565,20,28,820,中野市,3834,0,117.89,119.85,0.51
566,20,8,431,大町市,2910,0,115.14,125.98,0.42
567,20,37,990,飯山市,4310,0,133.75,131.05,0.35
568,20,46,1214,茅野市,5400,0,131.78,131.38,0.64
569,20,33,912,塩尻市,4100,0,101.65,110.75,0.67
570,20,12,597,千曲市,3258,0,106.51,108.32,0.52
571,20,17,659,東御市,3445,0,122.25,120.95,0.5
572,20,45,1186,安曇野市,5140,0,111.77,118.45,0.57
573,20,5,248,小海町,2559,0,94.5,101.9,0.26
574,20,3,146,軽井沢町,2311,0,139.18,134.99,1.52
575,20,25,798,御代田町,3780,0,107.21,112.56,0.6
576,20,18,681,立科町,3466,0,111.65,116.86,0.34
577,20,4,192,下諏訪町,2440,0,94.76,100.28,0.59
578,20,7,384,富士見町,2808,0,128.07,123.8,0.56
579,20,6,263,原村,2592,0,105.7,113.34,0.37
580,20,10,574,辰野町,3217,0,110.59,111.83,0.46
581,20,16,645,箕輪町,3402,0,95.9,102.03,0.61
582,20,43,1134,飯島町,4816,0,105.15,107.16,0.4
583,20,38,1009,南箕輪村,4352,0,106.59,106.77,0.59
584,20,34,932,中川村,4136,0,134.13,131.15,0.21
585,20,25,798,宮田村,3780,0,111.52,112.08,0.52
586,20,22,788,松川町,3748,0,100.4,107.91,0.38
587,20,36,982,高森町,4285,-2.79,177.11,162.15,0.41
588,20,30,836,木曽町,3888,0,108.48,108.89,0.28
589,20,41,1032,山形村,4438,0,119.73,123.27,0.42
590,20,39,1015,池田町,4390,0,163.44,153.79,0.33
591,20,19,723,松川村,3560,0,116.32,122.21,0.38
592,20,23,789,白馬村,3750,0,116.47,119.88,0.45
593,20,20,743,小布施町,3592,0,154.83,153.26,0.4
594,20,11,584,高山村,3240,0,92.08,113.9,0.28
595,20,32,904,山ノ内町,4071,0,118.48,120.77,0.45
596,20,47,1244,木島平村,5994,0,117.71,127.4,0.19
597,20,2,101,野沢温泉村,2180,0,91.42,101.04,0.22
598,20,35,940,信濃町,4160,0,93.02,96.95,0.34
599,20,9,538,飯綱町,3132,0,86.21,106.43,0.28
600,20,42,1100,佐久水道企業団,4654,0,135.06,137.97,-
601,21,16,300,岐阜市,2651,0,120.21,120.38,0.85
602,21,18,431,大垣市,2910,0,114.3,122.32,0.89
603,21,20,488,高山市,3002,0,109.25,120.47,0.52
604,21,24,692,多治見市,3499,0,108.23,109.91,0.73
605,21,6,29,関市,1740,0,117.48,118.85,0.64
606,21,30,836,中津川市,3888,0,125.25,121.51,0.49
607,21,13,185,美濃市,2430,0,115.07,119.56,0.54
608,21,38,1227,瑞浪市,5562,0,95.61,99.55,0.61
609,21,1,20,羽島市,1620,0,131.08,135.07,0.74
610,21,26,760,恵那市,3656,0,123.97,125.3,0.47
611,21,28,798,美濃加茂市,3780,0,121.45,119.29,0.79
612,21,37,1149,土岐市,4914,0,109.31,115.38,0.64
613,21,27,766,各務原市,3672,0,113.98,121.94,0.87
614,21,32,948,可児市,4190,0,116.14,117.6,0.86
615,21,19,466,山県市,2970,0,105.65,109.69,0.41
616,21,9,58,瑞穂市,1987,0,124.55,124.55,0.77
617,21,14,216,飛騨市,2484,0,125.68,120.91,0.31
618,21,10,90,本巣市,2160,0,52.6,108.6,0.63
619,21,15,263,郡上市,2592,0,108.64,126.61,0.31
620,21,23,667,下呂市,3456,0,100.65,101.29,0.36
621,21,21,494,海津市,3020,0,93.73,105.33,0.52
622,21,5,28,岐南町,1713,0,126.76,128.73,0.94
623,21,3,24,笠松町,1630,0,118.65,130.66,0.7
624,21,22,641,養老町,3393,0,108.78,108.39,0.62
625,21,7,47,垂井町,1890,0,99.39,101.22,0.71
626,21,29,830,関ケ原町,3880,0,95.08,97.19,0.51
627,21,12,155,神戸町,2360,0,116.95,118.12,0.71
628,21,8,52,輪之内町,1940,0,142.74,138.26,0.58
629,21,17,379,安八町,2800,0,146.95,146.93,0.63
630,21,1,20,揖斐川町,1620,0,47.25,105.61,0.43
631,21,11,118,大野町,2247,0,109.24,110.24,0.64
632,21,25,739,池田町,3585,0,82.82,122.77,0.64
633,21,4,26,北方町,1663,0,129.36,130.56,0.63
634,21,34,1040,坂祝町,4460,0,112.12,116.89,0.58
635,21,33,983,富加町,4287,0,100.61,107.78,0.45
636,21,31,859,川辺町,3947,0,103.85,103.34,0.48
637,21,36,1136,八百津町,4827,0,111.39,111.1,0.4
638,21,35,1103,御嵩町,4665,0,112.68,112.51,0.64
639,22,10,108,静岡市,2210,0,116.24,120.46,0.92
640,22,9,90,浜松市,2160,0,105.02,109.83,0.89
641,22,4,19,沼津市,1610,0,116.78,123.37,0.96
642,22,19,249,熱海市,2562,0,116.42,118.33,0.92
643,22,3,17,三島市,1600,0,93.92,108.68,0.93
644,22,5,32,富士宮市,1782,0,122.37,123.14,0.92
645,22,15,200,伊東市,2454,0,119.9,123.48,0.76
646,22,13,143,島田市,2298,4.55,110.74,111.62,0.76
647,22,14,173,富士市,2397,43.19,119.36,127.46,0.99
648,22,16,203,磐田市,2458,0,105.85,106.85,0.86
649,22,8,72,焼津市,2074,0,120.96,120.52,0.89
650,22,29,584,掛川市,3240,0,102.68,104.92,0.9
651,22,22,320,藤枝市,2700,0,127.73,128.57,0.87
652,22,22,320,御殿場市,2700,0,124.91,133.61,1.02
653,22,28,529,袋井市,3108,6.4,112.21,112.22,0.87
654,22,34,1008,下田市,4351,0,113.1,113.72,0.5
655,22,18,240,裾野市,2538,0,141.31,139.32,1.08
656,22,33,766,湖西市,3672,0,114.4,116.29,1.01
657,22,25,414,伊豆市,2865,0,108.47,113.92,0.54
658,22,17,216,御前崎市,2484,0,71.2,100,1
659,22,31,735,菊川市,3570,0,103.1,106.52,0.75
660,22,6,43,伊豆の国市,1867,-2.81,109.3,116.45,0.75
661,22,32,752,牧之原市,3618,0,103.65,104.15,0.82
662,22,24,376,東伊豆町,2797,0,109.69,110.05,0.64
663,22,21,263,河津町,2592,0,98.39,104.57,0.4
664,22,30,728,南伊豆町,3564,0,91.89,109.58,0.31
665,22,20,253,松崎町,2579,0,108.57,107.88,0.31
666,22,7,66,西伊豆町,2052,0,117.96,119.55,0.33
667,22,12,124,函南町,2266,14.44,125.34,131.54,0.79
668,22,2,11,長泉町,1500,0,123.6,126.05,1.33
669,22,1,4,小山町,1250,0,126.97,122.73,0.93
670,22,26,418,吉田町,2872,0,121.14,120.49,0.94
671,22,27,435,森町,2916,0,98.13,112,0.61
672,22,11,119,大井上水道企業団,2248,0,113.33,113.23,-
673,23,24,406,名古屋市,2862,0,96.35,102.79,0.99
674,23,10,207,豊橋市,2473,0,112.7,112.28,0.97
675,23,31,524,岡崎市,3099,0,132.08,131.74,1
676,23,2,49,一宮市,1891,0,104.55,105.8,0.84
677,23,22,373,瀬戸市,2781,0,121.42,120.17,0.86
678,23,4,83,半田市,2110,0,110.19,115.51,0.96
679,23,10,207,春日井市,2473,0,110.64,115.52,0.97
680,23,27,435,豊川市,2916,0,114.06,116.31,0.88
681,23,41,918,津島市,4102,0,113.59,114.45,0.74
682,23,32,538,碧南市,3132,0,111.7,113.01,1.18
683,23,6,133,刈谷市,2278,0,108.36,111.74,1.34
684,23,19,340,豊田市,2710,0,101.71,105.65,1.3
685,23,15,263,安城市,2592,0,117.47,120.85,1.27
686,23,18,320,西尾市,2700,0,115.98,119.71,0.98
687,23,30,476,蒲郡市,2980,0,113.04,114.62,0.86
688,23,1,7,犬山市,1452,0,114.77,115.02,0.91
689,23,24,406,常滑市,2862,0,126.63,121.44,0.97
690,23,3,78,江南市,2106,0,109.95,112.77,0.81
691,23,7,142,小牧市,2295,0,104.72,111.36,1.18
692,23,38,728,稲沢市,3564,0,135.97,134.62,0.92
693,23,37,698,新城市,3510,0,96.6,101.16,0.6
694,23,12,211,東海市,2480,0,108.55,111.32,1.27
695,23,23,379,大府市,2800,0,129.28,130.3,1.1
696,23,8,150,知多市,2332,0,104.74,111.18,0.97
697,23,33,584,知立市,3240,0,109.64,112.04,0.98
698,23,34,608,尾張旭市,3294,0,119.93,120.79,0.93
699,23,35,621,高浜市,3332,0,114.79,115.66,0.99
700,23,5,100,岩倉市,2170,0,115.74,116.73,0.81
701,23,40,836,田原市,3888,0,95.45,101.42,1.02
702,23,20,361,愛西市,2754,14.27,100.73,101.78,0.64
703,23,24,406,清須市,2862,0,112.06,111.7,0.93
704,23,14,240,あま市,2538,0,106.22,110.31,0.77
705,23,29,466,蟹江町,2970,0,106.11,108.99,0.9
706,23,20,361,阿久比町,2754,0,110.17,113.04,0.83
707,23,9,191,東浦町,2431,0,116.42,121.59,0.96
708,23,28,456,南知多町,2941,0,88.72,100.27,0.53
709,23,36,695,美浜町,3500,0,114.71,113.73,0.73
710,23,15,263,武豊町,2592,0,121.76,119.78,0.99
711,23,13,230,幸田町,2505,0,123.71,123.9,1.18
712,23,43,1177,海部南部水道企業団,5076,0,113.27,113.55,-
713,23,42,920,北名古屋水道企業団,4104,0,120.16,118.27,-
714,23,17,292,丹羽広域事務組合,2634,0,107.16,110.5,-
715,23,39,739,愛知中部水道企業団,3585,0,117.47,119.18,-
716,24,14,406,津市,2862,0,100.8,108.01,0.74
717,24,16,430,四日市市,2905,0,116.28,122.89,1
718,24,11,366,伊勢市,2759,0,120.86,121.61,0.63
719,24,22,640,松阪市,3391,0,109.68,112.92,0.63
720,24,2,36,桑名市,1814,0,86.09,91.12,0.86
721,24,13,384,鈴鹿市,2808,0,105.4,106.87,0.87
722,24,6,162,名張市,2376,0,102.33,108.73,0.73
723,24,21,579,尾鷲市,3229,0,113.37,117.98,0.39
724,24,5,114,亀山市,2235,0,106.4,110.11,0.95
725,24,24,762,鳥羽市,3661,0,135.33,127.67,0.45
726,24,7,185,熊野市,2430,0,97.88,101.8,0.27
727,24,9,263,いなべ市,2592,0,102.57,109.57,0.83
728,24,26,1013,志摩市,4384,0,122.97,122.79,0.41
729,24,25,798,伊賀市,3780,0,112.09,116.08,0.64
730,24,10,320,木曽岬町,2700,0,89.5,91.29,0.51
731,24,1,27,東員町,1674,0,116.96,118.39,0.82
732,24,3,60,菰野町,1998,0,106.05,110.67,0.79
733,24,17,483,朝日町,2992,-8.78,110.79,113.4,0.78
734,24,4,85,川越町,2134,0,92.2,103.36,1.28
735,24,19,538,多気町,3132,0,98.01,107.33,0.57
736,24,8,224,明和町,2490,0,102.34,108.08,0.57
737,24,18,486,玉城町,3000,0,121.23,121.73,0.6
738,24,23,698,南伊勢町,3510,0,102.13,102.25,0.21
739,24,15,425,紀北町,2894,0,103.76,106.16,0.29
740,24,12,371,御浜町,2780,2.96,80.44,90.56,0.28
741,24,20,557,紀宝町,3160,0,96.24,109.77,0.32
742,25,2,116,大津市,2246,0,101.62,108.53,0.81
743,25,6,285,彦根市,2613,0,117.74,121.2,0.78
744,25,10,530,近江八幡市,3110,0,101.92,106.98,0.68
745,25,5,240,草津市,2538,0,122.85,119.74,0.93
746,25,9,395,守山市,2830,0,99.64,106.99,0.85
747,25,4,162,栗東市,2376,0,101.19,103.8,0.98
748,25,18,1199,甲賀市,5260,0,113.13,115.7,0.71
749,25,1,110,野洲市,2214,0,100.18,102.98,0.83
750,25,15,980,湖南市,4267,0,106.23,107.05,0.85
751,25,3,123,高島市,2265,0,109.67,111.57,0.39
752,25,11,637,東近江市,3390,6.27,102.15,112.91,0.66
753,25,12,711,米原市,3530,0,102.97,111.91,0.57
754,25,17,1060,日野町,4530,0,105.76,108.79,0.68
755,25,16,1021,竜王町,4420,0,90.68,102.84,0.99
756,25,14,783,甲良町,3720,0,113.2,114.87,0.4
757,25,13,766,多賀町,3672,0,78.01,101.38,0.69
758,25,8,369,長浜水道企業団,2774,0,109.97,119.18,-
759,25,7,307,愛知郡広域行政組合,2670,0,126.58,131.11,-
760,26,13,461,京都市,2959,0,113.84,121.13,0.81
761,26,10,415,福知山市,2867,0,93.13,99.45,0.54
762,26,11,418,舞鶴市,2872,15.62,113.59,116.23,0.71
763,26,20,920,綾部市,4104,-8.86,112.08,116.12,0.49
764,26,12,445,宇治市,2922,17.87,99.91,110.62,0.76
765,26,8,357,宮津市,2741,0,107.59,110.4,0.41
766,26,2,106,亀岡市,2205,0,96.23,109.12,0.59
767,26,3,151,城陽市,2354,0,97.02,108.71,0.63
768,26,19,815,向日市,3812,0,111.17,117.11,0.72
769,26,17,600,長岡京市,3261,0,103.16,110.28,0.84
770,26,6,316,八幡市,2692,0,78.79,90.66,0.7
771,26,4,161,京田辺市,2371,0,87.11,100.42,0.78
772,26,18,785,京丹後市,3728,0,85.13,87.95,0.31
773,26,15,565,南丹市,3190,0,136.45,131.57,0.34
774,26,14,498,木津川市,3024,0,86.85,102.52,0.66
775,26,21,937,大山崎町,4158,0,88.82,98.86,0.81
776,26,5,235,久御山町,2515,0,84.06,100.28,1.08
777,26,6,316,井手町,2692,0,97.44,110.34,0.36
778,26,9,401,宇治田原町,2851,0,91.72,110.3,0.63
779,26,1,103,精華町,2191,0,61.85,100.54,0.71
780,26,16,583,与謝野町,3236,0,104.93,105.32,0.3
781,27,1,71,大阪市,2073,0,122.16,128.29,0.93
782,27,9,216,堺市,2484,0,107.37,111.49,0.85
783,27,16,288,岸和田市,2624,0,104.52,108.08,0.6
784,27,8,195,豊中市,2451,0,98.84,110.76,0.91
785,27,15,282,池田市,2602,0,101.25,112.58,0.85
786,27,2,112,吹田市,2224,7.54,108.36,116.17,0.98
787,27,38,549,泉大津市,3140,0,115.2,121.28,0.72
788,27,5,162,高槻市,2376,2.81,119.67,125.65,0.8
789,27,4,157,貝塚市,2365,0,102.01,107.92,0.69
790,27,14,257,守口市,2590,0,99.4,106.12,0.74
791,27,3,114,枚方市,2235,0,119.27,123.68,0.8
792,27,5,162,茨木市,2376,0,106.08,114.12,0.96
793,27,21,349,八尾市,2721,0,107.55,113.5,0.75
794,27,31,461,泉佐野市,2959,0,114.78,117.6,0.94
795,27,7,171,富田林市,2378,0,118.32,118.26,0.65
796,27,12,247,寝屋川市,2553,0,99.89,104.48,0.67
797,27,28,443,河内長野市,2921,0,97.63,110.84,0.65
798,27,34,517,松原市,3067,0,110.25,112.46,0.6
799,27,13,252,大東市,2577,0,106.91,112.4,0.76
800,27,10,238,和泉市,2527,0,112.5,116.44,0.72
801,27,30,460,箕面市,2958,0,109.26,120.28,0.96
802,27,17,290,柏原市,2629,0,116.62,119.61,0.63
803,27,19,318,羽曳野市,2694,0,126.68,126.34,0.56
804,27,32,488,門真市,3002,0,118.77,124.74,0.69
805,27,22,352,摂津市,2728,0,108.56,115.11,0.98
806,27,23,404,高石市,2858,0,98.64,105.13,0.86
807,27,27,431,藤井寺市,2910,0,108.45,112.46,0.62
808,27,11,246,東大阪市,2550,0,96.22,104.41,0.75
809,27,39,648,泉南市,3408,0,113.86,115.43,0.76
810,27,25,417,四條畷市,2870,0,101.09,112.17,0.61
811,27,24,413,交野市,2864,0,90.36,100.71,0.71
812,27,18,303,大阪狭山市,2656,2.83,102.32,109.52,0.71
813,27,29,445,阪南市,2922,0,101.64,108.69,0.55
814,27,26,418,島本町,2872,0,113.1,115.69,0.79
815,27,42,873,豊能町,3996,0,75.22,88.96,0.51
816,27,43,1131,能勢町,4806,0,56.18,96.96,0.42
817,27,35,524,忠岡町,3099,0,98.52,106.35,0.57
818,27,20,348,熊取町,2720,0,105.3,109.01,0.64
819,27,36,528,田尻町,3100,0,108.96,113.17,1.37
820,27,41,794,岬町,3760,0,108.76,112.43,0.53
821,27,37,538,太子町,3132,0,103.43,113.24,0.52
822,27,33,498,河南町,3024,0,85.42,96.22,0.46
823,27,40,720,千早赤阪村,3548,0,71.73,96.56,0.31
824,28,11,237,神戸市,2516,0,103.6,110.44,0.8
825,28,7,223,姫路市,2489,15.02,110.61,118.51,0.87
826,28,9,230,尼崎市,2505,0,101.47,112.06,0.82
827,28,8,225,明石市,2494,0,108.77,116.96,0.78
828,28,19,403,西宮市,2856,7.09,101.87,109.56,0.91
829,28,17,354,芦屋市,2732,0,97.68,107.32,0.95
830,28,9,230,伊丹市,2505,0,101.53,110.68,0.83
831,28,25,616,豊岡市,3326,0,93.17,114.25,0.39
832,28,12,245,加古川市,2548,0,99.97,120.74,0.88
833,28,1,1,赤穂市,961,0,105.82,109.86,0.72
834,28,29,698,西脇市,3510,0,98.83,103.32,0.47
835,28,14,263,宝塚市,2592,0,97.55,106.97,0.88
836,28,14,263,三木市,2592,0,105.24,111.75,0.7
837,28,2,6,高砂市,1436,0,112.83,114.73,0.9
838,28,23,538,川西市,3132,0,100.7,109.32,0.74
839,28,31,824,小野市,3855,0,129.38,128.22,0.68
840,28,21,466,三田市,2970,0,122.5,127.25,0.84
841,28,26,623,加西市,3340,0,97.14,103.34,0.64
842,28,40,1167,篠山市,5022,0,75.5,112.6,0.4
843,28,37,1089,養父市,4600,0,102.35,104.35,0.23
844,28,36,1044,丹波市,4476,0,86.9,108.44,0.43
845,28,27,651,朝来市,3420,0,110.6,114.17,0.41
846,28,32,834,宍粟市,3886,0,57.51,93.76,0.35
847,28,30,762,加東市,3661,0,118.93,120.73,0.72
848,28,3,32,たつの市,1782,0,113.79,116.33,0.58
849,28,23,538,猪名川町,3132,0,73.8,90.82,0.61
850,28,34,991,多可町,4320,0,112.46,123.95,0.33
851,28,18,359,稲美町,2750,0,110.62,114.71,0.75
852,28,16,320,播磨町,2700,0,115.98,117.76,0.89
853,28,13,254,市川町,2580,0,101.35,102.17,0.39
854,28,6,76,福崎町,2100,0,110.03,112.1,0.73
855,28,35,1011,神河町,4370,0,81.81,108.56,0.42
856,28,5,66,太子町,2052,0,100.05,107.14,0.69
857,28,20,435,上郡町,2916,0,114.08,118.32,0.57
858,28,33,873,佐用町,3996,0,73.78,86.86,0.31
859,28,21,466,香美町,2970,0,67.48,81.63,0.25
860,28,28,664,新温泉町,3450,0,82.8,99.4,0.26
861,28,4,55,西播磨水道企業団,1975,0,113,120.88,-
862,28,38,1095,淡路広域水道企業団,4644,0,78.12,107.48,-
863,28,38,1095,播磨高原広域事務組合,4644,0,40.68,100,-
864,29,4,659,奈良市,3445,0,114.28,115.22,0.76
865,29,23,1043,大和高田市,4471,0,111.73,116.57,0.48
866,29,8,745,大和郡山市,3596,0,115.18,116,0.7
867,29,17,888,天理市,4039,0,114.02,113.66,0.58
868,29,11,811,橿原市,3801,0,111.19,112.78,0.7
869,29,6,728,桜井市,3564,0,99.33,101.79,0.53
870,29,3,492,五條市,3013,0,99.15,103.04,0.35
871,29,25,1063,御所市,4535,0,84.52,112.84,0.4
872,29,7,738,生駒市,3581,0,113.17,116.52,0.82
873,29,5,698,香芝市,3510,0,106.16,116.07,0.68
874,29,1,122,葛城市,2260,0,129.18,130.61,0.53
875,29,24,1058,宇陀市,4525,0,79.84,107.34,0.3
876,29,13,836,平群町,3888,0,86.83,97.83,0.49
877,29,22,1024,三郷町,4428,0,102.93,104.41,0.48
878,29,16,887,斑鳩町,4028,0,103.78,107.21,0.55
879,29,15,861,安堵町,3950,0,97.18,102.43,0.36
880,29,14,846,川西町,3900,0,108.76,120.8,0.48
881,29,21,991,三宅町,4320,0,114.54,118.54,0.3
882,29,12,830,田原本町,3880,0,99.4,104.46,0.56
883,29,28,1162,高取町,5000,0,115.16,119.46,0.32
884,29,20,940,明日香村,4160,0,89.53,94.58,0.24
885,29,18,894,上牧町,4050,0,110.1,118.35,0.48
886,29,19,912,王寺町,4100,0,119.85,117.96,0.65
887,29,9,755,広陵町,3625,0,104.23,112.58,0.6
888,29,10,780,河合町,3710,0,103.74,109.11,0.53
889,29,27,1106,吉野町,4698,0,94.3,110.59,0.26
890,29,2,173,大淀町,2397,12.8,107.61,110.83,0.45
891,29,26,1100,下市町,4654,0,60.47,106.04,0.22
892,30,10,384,和歌山市,2808,0,109.43,114.05,0.81
893,30,11,400,海南市,2849,0,98.33,107.15,0.57
894,30,20,723,橋本市,3560,0,116.03,117.35,0.47
895,30,3,84,有田市,2127,0,106.8,107.81,0.5
896,30,8,211,御坊市,2480,0,116,116.8,0.52
897,30,9,320,田辺市,2700,0,124.99,124.69,0.38
898,30,16,538,新宮市,3132,0,114.52,114.08,0.37
899,30,14,476,紀の川市,2980,0,100.66,103.69,0.41
900,30,6,158,岩出市,2370,0,125,121.87,0.64
901,30,17,575,紀美野町,3218,0,116.25,117.38,0.21
902,30,18,658,かつらぎ町,3440,0,102.45,111.27,0.37
903,30,22,849,高野町,3920,0,108.73,113.27,0.2
904,30,7,200,湯浅町,2454,0,87.37,88.52,0.34
905,30,15,534,有田川町,3130,0,152.79,151.41,0.35
906,30,5,151,美浜町,2354,0,106.2,109.06,0.3
907,30,21,781,日高町,3714,0,84.52,93.54,0.29
908,30,23,884,由良町,4012,0,118.11,119.89,0.34
909,30,2,60,みなべ町,1998,0,132.7,130.83,0.31
910,30,1,2,白浜町,1070,0,102.83,111.44,0.47
911,30,4,90,上富田町,2160,0,148.63,146.65,0.48
912,30,13,447,すさみ町,2926,0,124.21,119.95,0.19
913,30,12,422,那智勝浦町,2880,0,89.34,92.71,0.34
914,30,19,663,串本町,3447,0,102.04,102.46,0.28
915,31,8,447,鳥取市,2926,0,89.91,97.94,0.52
916,31,5,315,米子市,2691,0,122.24,125.07,0.67
917,31,4,176,倉吉市,2398,0,100.63,115.35,0.44
918,31,10,572,岩美町,3207,0,99.96,107.29,0.27
919,31,12,1094,智頭町,4640,0,124.88,119.72,0.21
920,31,1,90,三朝町,2160,0,99.99,108.13,0.24
921,31,1,90,湯梨浜町,2160,0,98.23,105.35,0.27
922,31,11,776,琴浦町,3695,0,125.07,124.3,0.33
923,31,9,466,北栄町,2970,0,132.11,128.37,0.31
924,31,6,319,大山町,2698,0,96.97,103.08,0.26
925,31,7,399,南部町,2847,0,103.33,105.25,0.27
926,31,1,90,伯耆町,2160,0,58.48,84.92,0.31
927,32,7,945,松江市,4179,0,115.29,121.23,0.57
928,32,2,347,浜田市,2717,0,99.39,106.92,0.41
929,32,3,428,出雲市,2896,0,119.42,124.1,0.52
930,32,5,522,益田市,3078,0,103.5,110.59,0.4
931,32,9,1157,大田市,4968,0,82.29,108.91,0.28
932,32,4,516,安来市,3066,0,100.8,107.1,0.37
933,32,8,1109,江津市,4723,0,88.69,105.81,0.33
934,32,10,1170,雲南市,5028,0,94.11,106.14,0.25
935,32,6,881,隠岐の島町,4002,0,114.66,115.96,0.19
936,32,1,298,斐川宍道水道企業団,2647,0,95.94,110.53,-
937,33,6,425,岡山市,2894,0,111.71,115.99,0.8
938,33,2,44,倉敷市,1879,0,105.05,114.63,0.86
939,33,19,937,津山市,4158,0,106.84,118.39,0.54
940,33,3,88,玉野市,2154,0,110.79,112.29,0.58
941,33,23,1093,笠岡市,4622,0,115.33,117.38,0.55
942,33,8,498,井原市,3024,0,106.17,116.22,0.41
943,33,5,361,総社市,2754,0,105.43,125.17,0.58
944,33,9,604,高梁市,3280,0,102.6,106.37,0.32
945,33,15,798,新見市,3780,0,130.49,127.64,0.25
946,33,7,452,備前市,2937,0,108.53,112.88,0.45
947,33,14,786,瀬戸内市,3736,0,112.36,116.67,0.54
948,33,13,777,赤磐市,3696,0,108.82,111.03,0.47
949,33,21,965,真庭市,4234,-1.24,95.56,116.01,0.31
950,33,18,920,美作市,4104,1.89,103.8,108.28,0.26
951,33,11,655,浅口市,3430,0,85.9,97.97,0.44
952,33,4,251,和気町,2571,0,149.41,137.9,0.31
953,33,1,15,早島町,1561,0,84.89,106.66,0.67
954,33,12,752,里庄町,3618,0,110.3,109.66,0.58
955,33,10,612,矢掛町,3315,0,105.74,112.97,0.39
956,33,16,912,鏡野町,4100,0,99.17,114.87,0.35
957,33,16,912,勝央町,4100,0,82.81,99.41,0.5
958,33,22,1010,奈義町,4360,0,81.67,102.81,0.29
959,33,20,964,吉備中央町,4232,0,67.24,117.51,0.25
960,34,3,180,広島市,2408,0,103.73,110.85,0.84
961,34,12,791,呉市,3758,0,96.9,105.7,0.61
962,34,5,476,竹原市,2980,44.17,112.88,114.62,0.61
963,34,11,749,三原市,3607,0,102.23,107.27,0.59
964,34,16,910,尾道市,4093,0,113.65,114.19,0.58
965,34,4,340,福山市,2710,0,118.71,124.62,0.82
966,34,12,791,府中市,3758,0,97.26,104.78,0.47
967,34,6,509,三次市,3044,0,77.61,101.64,0.33
968,34,14,806,庄原市,3791,7.7,96.4,109.95,0.26
969,34,2,109,大竹市,2213,0,97.39,110.5,0.82
970,34,15,851,東広島市,3927,0,109.79,118.98,0.81
971,34,8,596,廿日市市,3255,0,106.36,113.82,0.65
972,34,9,635,安芸高田市,3380,0,106,105.24,0.32
973,34,18,1172,江田島市,5054,0,119.97,122.67,0.32
974,34,1,77,海田町,2105,0,102.53,116.79,0.8
975,34,17,1112,熊野町,4743,0,109.52,113.15,0.55
976,34,7,533,北広島町,3121,0,128.3,147.71,0.35
977,34,10,728,世羅町,3564,0,58.49,96.35,0.32
978,35,12,779,下関市,3701,0,112.84,119.7,0.55
979,35,10,607,宇部市,3283,0,115.56,123.01,0.71
980,35,7,392,山口市,2813,0,112.84,116.17,0.65
981,35,3,125,萩市,2268,0,89.15,111.29,0.32
982,35,6,225,防府市,2494,0,118.61,123.72,0.82
983,35,1,13,下松市,1516,0,116.88,127.71,0.88
984,35,2,32,岩国市,1782,0,105.17,120.15,0.58
985,35,4,155,光市,2360,0,106.89,116.4,0.73
986,35,9,435,長門市,2916,0,78.23,102.2,0.33
987,35,13,1103,柳井市,4665,0,80.29,112.92,0.53
988,35,5,178,美祢市,2402,0,77.9,110.85,0.38
989,35,8,396,周南市,2840,0,104.93,112.7,0.79
990,35,11,685,山陽小野田市,3477,0,117.67,121.26,0.66
991,35,14,1108,田布施・平生水道企業団,4708,0,77.19,108.71,-
992,36,7,181,徳島市,2411,0,114.99,117.85,0.81
993,36,2,78,鳴門市,2106,0,96.69,99.1,0.65
994,36,3,90,小松島市,2160,0,110.37,109.27,0.54
995,36,1,64,阿南市,2040,0,105.93,109.44,0.88
996,36,10,228,吉野川市,2500,0,115.37,124.71,0.38
997,36,9,211,阿波市,2480,0,103.97,107.21,0.35
998,36,16,667,美馬市,3456,0,121.43,122.14,0.3
999,36,18,766,三好市,3672,0,82.17,84.24,0.21
1000,36,19,873,石井町,3996,0,136.33,137.91,0.51
1001,36,15,480,牟岐町,2990,0,101.54,102.4,0.19
1002,36,14,458,美波町,2950,0,112.9,115.15,0.17
1003,36,12,307,海陽町,2670,0,116.16,115.62,0.18
1004,36,6,162,松茂町,2376,0,127.74,124.18,0.9
1005,36,8,192,北島町,2440,0,124.29,129.09,0.76
1006,36,4,104,藍住町,2200,0,125.62,130.12,0.7
1007,36,5,158,板野町,2370,0,116.93,116.34,0.51
1008,36,11,250,上板町,2570,0,123.94,122.73,0.41
1009,36,13,431,つるぎ町,2910,0,93.8,94.48,0.19
1010,36,17,723,東みよし町,3560,0,120.87,123.81,0.31
1011,37,10,873,高松市,3996,0,112.33,112.83,0.82
1012,37,1,384,丸亀市,2808,0,109.33,115.64,0.69
1013,37,3,584,坂出市,3240,0,107.32,109.85,0.85
1014,37,4,623,善通寺市,3340,0,103.3,108.55,0.51
1015,37,7,796,観音寺市,3769,0,115.63,117.52,0.63
1016,37,9,871,さぬき市,3990,0,114.13,116.56,0.42
1017,37,2,423,東かがわ市,2890,0,105.12,107.64,0.44
1018,37,14,1064,三豊市,4536,0,117.43,118.87,0.48
1019,37,16,1212,土庄町,5390,0,121.09,120.97,0.36
1020,37,15,1086,小豆島町,4580,0,100.16,100.83,0.32
1021,37,5,642,三木町,3399,0,105.15,107.39,0.56
1022,37,12,937,宇多津町,4158,0,107.58,111.56,0.87
1023,37,11,920,綾川町,4104,0,111.62,113.99,0.54
1024,37,13,944,琴平町,4174,0,116.4,117.04,0.39
1025,37,6,745,多度津町,3596,0,107.39,108.82,0.65
1026,37,8,798,まんのう町,3780,0,104.1,106.14,0.37
1027,38,7,357,松山市,2741,0,125.43,127.83,0.75
1028,38,8,406,今治市,2862,9.61,108.12,120.42,0.57
1029,38,16,1114,宇和島市,4745,12.65,117.32,119.77,0.33
1030,38,13,735,八幡浜市,3570,0,108.47,120.65,0.35
1031,38,1,57,新居浜市,1981,0,108.91,116.71,0.76
1032,38,3,216,西条市,2484,0,105.74,108.77,0.7
1033,38,12,667,大洲市,3456,0,111.82,115.38,0.36
1034,38,5,291,伊予市,2630,0,108.98,111.14,0.43
1035,38,11,584,四国中央市,3240,0,102.33,106.39,0.77
1036,38,15,954,西予市,4212,0,96.81,101.32,0.24
1037,38,6,340,東温市,2710,0,66.22,85.72,0.51
1038,38,17,1240,上島町,5907,0,130.71,122.22,0.18
1039,38,2,99,松前町,2163,0,98.82,102.66,0.75
1040,38,4,284,砥部町,2610,0,96.11,98.92,0.46
1041,38,9,464,内子町,2960,0,87.71,117.72,0.26
1042,38,10,486,伊方町,3000,0,77.88,104.16,0.52
1043,38,18,1254,鬼北町,6372,0,101.41,119.68,0.22
1044,38,14,818,愛南町,3830,12.98,88.46,101.81,0.23
1045,39,15,355,高知市,2736,0,123.29,127.32,0.59
1046,39,16,466,室戸市,2970,0,117.62,122.15,0.22
1047,39,6,113,安芸市,2225,0,127.48,130.6,0.29
1048,39,8,140,南国市,2290,0,106.28,111.5,0.59
1049,39,3,62,土佐市,2019,0,101.94,106.16,0.37
1050,39,14,320,須崎市,2700,0,118.3,121.58,0.4
1051,39,11,209,宿毛市,2475,0,127.8,127.61,0.35
1052,39,12,263,土佐清水市,2592,0,97.49,102.33,0.25
1053,39,10,172,四万十市,2384,19.98,125.6,128.52,0.33
1054,39,8,140,香南市,2290,0,118.78,117.57,0.35
1055,39,4,66,香美市,2052,0,121.36,126.2,0.29
1056,39,2,44,いの町,1879,0,103.75,108.7,0.34
1057,39,5,69,佐川町,2066,0,103.86,110.8,0.31
1058,39,1,8,越知町,1458,0,121.32,120.72,0.19
1059,39,13,285,四万十町,2613,0,82.3,105.03,0.21
1060,39,7,132,黒潮町,2270,0,96.54,100.73,0.2
1061,40,1,173,北九州市,2397,0,98.57,111.75,0.73
1062,40,9,608,福岡市,3294,0,115.1,121.95,0.89
1063,40,24,848,大牟田市,3909,0,108.55,116.36,0.5
1064,40,6,435,久留米市,2916,0,119.86,120.68,0.66
1065,40,34,901,直方市,4060,0,92.26,100.36,0.55
1066,40,4,306,飯塚市,2667,0,98.88,107.06,0.5
1067,40,31,868,田川市,3970,0,117.82,117.46,0.42
1068,40,10,637,柳川市,3390,0,102.51,106.92,0.45
1069,40,45,1054,八女市,4510,0,122.69,128.54,0.39
1070,40,14,707,筑後市,3520,0,144.05,138.78,0.64
1071,40,34,901,大川市,4060,0,97.54,98.85,0.52
1072,40,26,852,行橋市,3930,0,146.98,149.3,0.63
1073,40,46,1060,豊前市,4530,0,85.63,97.76,0.49
1074,40,2,195,中間市,2451,0,99.83,107.23,0.43
1075,40,36,906,筑紫野市,4080,0,111.63,117.53,0.76
1076,40,38,920,大野城市,4104,0,93.27,108.09,0.8
1077,40,27,853,太宰府市,3931,0,117.13,122.37,0.68
1078,40,25,849,古賀市,3920,0,107.29,116.13,0.68
1079,40,19,808,宮若市,3800,0,102.5,106.85,0.57
1080,40,8,530,嘉麻市,3110,0,119.1,121.32,0.27
1081,40,17,766,朝倉市,3672,0,113.05,116.96,0.54
1082,40,13,691,みやま市,3489,0,103.32,111.88,0.41
1083,40,39,981,糸島市,4270,0,104.63,112.33,0.54
1084,40,40,986,宇美町,4290,22.57,93.5,100.07,0.58
1085,40,18,807,篠栗町,3797,0,90.11,96.48,0.54
1086,40,23,834,志免町,3886,0,103.77,114.97,0.73
1087,40,28,855,須恵町,3940,0,102.5,108.08,0.57
1088,40,30,863,新宮町,3960,0,102.92,121.97,0.86
1089,40,3,211,久山町,2480,0,105.99,131.58,0.78
1090,40,16,764,粕屋町,3670,0,113.72,119.29,0.84
1091,40,7,455,岡垣町,2940,0,94.98,101.1,0.55
1092,40,32,870,小竹町,3980,0,97.49,100.77,0.31
1093,40,12,667,鞍手町,3456,0,96.57,100.89,0.46
1094,40,5,379,桂川町,2800,0,117.38,119.44,0.39
1095,40,44,1024,筑前町,4428,0,57.71,98.6,0.47
1096,40,19,808,大木町,3800,2.7,124.75,124.72,0.51
1097,40,43,1021,広川町,4420,0,126.96,124.59,0.6
1098,40,41,1012,香春町,4377,0.92,95.64,97.15,0.33
1099,40,29,862,添田町,3952,0,97.2,99.6,0.21
1100,40,49,1126,糸田町,4770,0,98.09,100.18,0.23
1101,40,48,1115,川崎町,4746,0,101.47,105.62,0.3
1102,40,11,643,大任町,3400,0,72.53,83.35,0.19
1103,40,46,1060,福智町,4530,0,100.06,106.75,0.26
1104,40,15,757,苅田町,3630,0,103.27,111.18,1.12
1105,40,42,1018,みやこ町,4410,0,49.85,101.02,0.39
1106,40,37,912,吉富町,4100,0,113.47,118.25,0.39
1107,40,50,1138,築上町,4830,0,108.03,114.01,0.34
1108,40,33,899,宗像地区事務組合,4059,0,111.32,122.94,-
1109,40,22,818,三井水道企業団,3830,0,100.94,106.14,-
1110,40,21,811,春日那珂川水道企業団,3801,0,104.45,116.35,-
1111,41,3,667,佐賀市,3456,0,106.64,117.05,0.64
1112,41,7,1003,唐津市,4326,0,98.15,104.28,0.42
1113,41,12,1139,鳥栖市,4860,0,111.89,117.59,0.94
1114,41,12,1139,多久市,4860,0,96.45,109.72,0.37
1115,41,9,1007,伊万里市,4350,0,104.4,107.15,0.6
1116,41,11,1082,武雄市,4568,0,99.23,103.54,0.48
1117,41,5,836,鹿島市,3888,0,119.64,122.7,0.45
1118,41,2,625,小城市,3348,0,109.72,115.32,0.41
1119,41,4,787,嬉野市,3740,0,90.34,106.76,0.39
1120,41,10,1074,玄海町,4540,0,46.44,104.06,1.03
1121,41,14,1152,有田町,4924,0,116.88,118.21,0.37
1122,41,17,1232,大町町,5616,0,83.48,94.76,0.34
1123,41,15,1190,江北町,5180,0,100.21,109.71,0.37
1124,41,16,1207,白石町,5351,0,88.99,103.32,0.34
1125,41,1,494,太良町,3020,0,112.33,113.52,0.24
1126,41,8,1006,西佐賀水道企業団,4345,0,106.58,112.97,-
1127,41,5,836,佐賀東部水道企業団,3888,0,94.51,101.12,-
1128,42,14,1031,長崎市,4433,0,122.35,125.69,0.57
1129,42,11,931,佐世保市,4119,0,110.15,112.88,0.51
1130,42,3,361,島原市,2754,0,110.26,112.26,0.42
1131,42,7,711,諫早市,3530,0,108.82,114.5,0.52
1132,42,13,988,大村市,4298,7.56,119.94,120.94,0.61
1133,42,16,1110,平戸市,4730,0,94.12,103.68,0.24
1134,42,1,210,松浦市,2478,0,113,120.02,0.39
1135,42,9,830,対馬市,3880,0,95.04,100.49,0.19
1136,42,12,943,壱岐市,4170,0,118.33,118.68,0.22
1137,42,8,766,五島市,3672,0,114.81,114.45,0.23
1138,42,15,1054,西海市,4510,25.98,113.74,111.96,0.33
1139,42,2,311,雲仙市,2680,0,105.53,117.22,0.27
1140,42,5,548,南島原市,3136,0,104.79,108.69,0.26
1141,42,10,836,長与町,3888,0,117.68,121.18,0.66
1142,42,18,1227,時津町,5562,0,131.19,134.8,0.68
1143,42,6,664,川棚町,3450,0,93.63,101.14,0.36
1144,42,17,1116,波佐見町,4750,0,114.05,115.21,0.41
1145,42,4,534,佐々町,3130,0,139.08,139.13,0.49
1146,43,18,461,熊本市,2959,0.24,122.03,125.39,0.72
1147,43,3,228,八代市,2500,0,129.77,126.52,0.49
1148,43,4,244,人吉市,2546,0,100.12,112.95,0.43
1149,43,13,320,荒尾市,2700,0,104.32,112.61,0.46
1150,43,10,305,水俣市,2660,0,142.84,148.21,0.36
1151,43,5,257,玉名市,2590,0,99.29,110.49,0.44
1152,43,16,356,山鹿市,2740,0,94.42,111.83,0.33
1153,43,22,635,菊池市,3380,0,99.35,107.43,0.43
1154,43,23,664,宇土市,3450,0,92.13,107.74,0.51
1155,43,27,1251,上天草市,6264,0,85.52,111.26,0.25
1156,43,25,1057,宇城市,4520,0,81.08,96.37,0.39
1157,43,8,293,阿蘇市,2635,0,72.45,94.39,0.36
1158,43,26,1155,天草市,4946,0,97.05,111.34,0.27
1159,43,5,257,合志市,2590,0,129.24,136.37,0.64
1160,43,9,295,長洲町,2640,0,111.46,115.38,0.54
1161,43,19,466,小国町,2970,0,112.69,113.65,0.22
1162,43,1,211,南阿蘇村,2480,0,11.19,88.41,0.29
1163,43,21,604,御船町,3280,0,67.8,87.31,0.37
1164,43,7,281,益城町,2597,0,69.73,82.6,0.56
1165,43,12,314,甲佐町,2686,-0.07,95.2,100.85,0.3
1166,43,15,339,山都町,2708,0,112.69,115.23,0.2
1167,43,17,367,芦北町,2760,0,100.97,103.87,0.3
1168,43,24,751,多良木町,3610,0,116.83,116.55,0.22
1169,43,20,494,湯前町,3020,0,174.24,157.07,0.16
1170,43,2,216,あさぎり町,2484,0,124.19,123.77,0.23
1171,43,11,307,大津菊陽水道企業団,2670,0,108.45,128.66,-
1172,43,13,320,八代生活環境事務組合,2700,0,112,111.43,-
1173,44,13,608,大分市,3294,0,128.23,133.57,0.89
1174,44,4,416,別府市,2869,0,99.95,104.53,0.57
1175,44,16,774,中津市,3687,0,128.22,135.33,0.5
1176,44,14,614,日田市,3320,0,111.67,120.5,0.4
1177,44,3,396,佐伯市,2840,0,104.3,109.17,0.31
1178,44,6,451,臼杵市,2930,0,110.2,113,0.38
1179,44,2,311,津久見市,2680,0,113.26,118.36,0.44
1180,44,15,667,竹田市,3456,0,97.75,99.79,0.24
1181,44,5,423,豊後高田市,2890,0,105.98,113.37,0.29
1182,44,11,554,杵築市,3150,0,115.9,121.8,0.34
1183,44,12,557,宇佐市,3160,0,100.5,103.89,0.43
1184,44,10,549,豊後大野市,3140,0,101.62,104.7,0.27
1185,44,7,466,由布市,2970,0,83.56,97.5,0.46
1186,44,9,534,国東市,3130,,76.17,91.11,0.3
1187,44,1,102,日出町,2188,0,123.11,126.8,0.54
1188,44,8,498,玖珠町,3024,11.18,125.38,120.35,0.35
1189,45,16,616,宮崎市,3326,18.45,110.25,118.5,0.65
1190,45,4,282,都城市,2602,0,103.54,112.59,0.52
1191,45,5,337,延岡市,2703,0,106.71,110.74,0.47
1192,45,9,481,日南市,2991,0,105.33,108.91,0.39
1193,45,6,396,小林市,2840,0,122.79,126.42,0.37
1194,45,2,125,日向市,2268,0,114.55,120.14,0.5
1195,45,20,1050,串間市,4492,0,104.5,113.56,0.26
1196,45,10,488,西都市,3002,0,102.04,111.75,0.37
1197,45,13,572,えびの市,3207,0,98.2,101.36,0.34
1198,45,11,498,三股町,3024,0,106.78,117.57,0.42
1199,45,7,425,高原町,2894,0,106.07,107.25,0.24
1200,45,17,715,国富町,3532,12.7,110.43,117.92,0.5
1201,45,3,183,綾町,2420,0,105.6,108.17,0.25
1202,45,15,594,高鍋町,3250,0,100,110.43,0.5
1203,45,8,476,新富町,2980,0,107.46,107.45,0.42
1204,45,19,791,川南町,3758,0,133.06,133.75,0.38
1205,45,18,749,都農町,3607,0,110.69,116.57,0.29
1206,45,1,90,門川町,2160,0,115.43,115.46,0.37
1207,45,14,584,高千穂町,3240,0,104.25,109.28,0.23
1208,45,12,523,一ツ瀬川営農飲雑用水広域水道企業団,3088,0,117.36,110.86,-
1209,46,14,524,鹿児島市,3099,0,112.64,116.73,0.71
1210,46,13,498,鹿屋市,3024,0,124.62,128.95,0.47
1211,46,15,532,枕崎市,3118,0,110.96,115.38,0.4
1212,46,12,494,阿久根市,3020,0,127.1,127.54,0.34
1213,46,2,73,出水市,2084,0,98.85,105.45,0.38
1214,46,1,56,指宿市,1980,0,114.8,115.9,0.38
1215,46,30,1224,西之表市,5508,0,105.09,109.02,0.27
1216,46,16,559,垂水市,3164,0,120.98,123.41,0.27
1217,46,19,620,薩摩川内市,3330,9.9,114.18,118.59,0.49
1218,46,9,359,日置市,2750,0,108.99,111.92,0.37
1219,46,25,764,曽於市,3670,0,101.35,113.87,0.29
1220,46,11,492,霧島市,3013,0,120.97,129.1,0.54
1221,46,3,195,いちき串木野市,2451,0,100.93,102.83,0.4
1222,46,23,706,南さつま市,3514,3.05,116.57,118.36,0.28
1223,46,4,257,志布志市,2590,0,105.95,117.65,0.36
1224,46,21,653,奄美市,3423,0,96.97,110.1,0.27
1225,46,4,257,南九州市,2590,0,102.53,110.21,0.34
1226,46,18,570,伊佐市,3196,0,102.47,117.1,0.38
1227,46,17,563,姶良市,3186,0,130.75,136.28,0.49
1228,46,7,295,さつま町,2640,0,99.59,103.47,0.34
1229,46,8,320,湧水町,2700,0,89.46,122.59,0.28
1230,46,20,649,大崎町,3410,0,119.11,121.46,0.32
1231,46,22,667,肝付町,3456,0,103.3,105.4,0.28
1232,46,24,728,中種子町,3564,0,112.73,112.07,0.23
1233,46,26,942,瀬戸内町,4168,0,120.27,122.18,0.16
1234,46,6,263,徳之島町,2592,0,93.53,103.87,0.23
1235,46,10,368,伊仙町,2764,0,53.49,121.64,0.12
1236,46,28,1129,和泊町,4794,0,100.74,102.07,0.18
1237,46,27,1084,知名町,4578,0,100.27,104.8,0.17
1238,46,29,1167,与論町,5022,0,107.16,107.65,0.14
1239,47,6,484,那覇市,2995,0,109.03,116.06,0.77
1240,47,14,628,宜野湾市,3350,0,109.12,113.78,0.65
1241,47,5,443,石垣市,2921,0,117.45,115.72,0.4
1242,47,10,563,浦添市,3186,0,101.83,106.16,0.73
1243,47,13,622,名護市,3337,0,118.93,118.67,0.43
1244,47,18,687,糸満市,3483,0,107.4,110.97,0.47
1245,47,8,551,沖縄市,3142,0,100.7,103.82,0.55
1246,47,23,775,豊見城市,3693,0,116.76,117.94,0.59
1247,47,15,643,うるま市,3400,0,102.07,105.97,0.46
1248,47,21,722,宮古島市,3557,0,119.75,118.52,0.32
1249,47,20,716,南城市,3533,0,106.84,109.07,0.35
1250,47,18,687,本部町,3483,0,112.67,112.25,0.3
1251,47,7,524,恩納村,3099,0,109.35,109.39,0.51
1252,47,3,182,宜野座村,2414,0,68.05,118.96,0.29
1253,47,1,17,金武町,1600,0,97.83,101.94,0.34
1254,47,25,1153,伊江村,4932,0,115.96,111.17,0.17
1255,47,12,593,読谷村,3244,0,119.92,121.18,0.57
1256,47,2,40,嘉手納町,1840,0,48.81,103.09,0.59
1257,47,4,263,北谷町,2592,0,95.28,118.87,0.75
1258,47,8,551,北中城村,3142,0,110.61,113.43,0.52
1259,47,22,761,中城村,3660,0,105.68,108.56,0.54
1260,47,17,680,西原町,3463,0,106.38,108.34,0.63
1261,47,24,847,与那原町,3905,0,109.29,110.89,0.46
1262,47,11,575,久米島町,3218,0,124.48,123.19,0.19
1263,47,16,652,南部水道企業団,3421,0,110.75,111.33,-
